Group,d34S
1,-4.731326378
1,-4.83668266
1,-4.372902173
1,-4.824477431
1,-4.709529863
1,-4.214841599
1,-4.350363118
1,-4.621741756
1,-4.520203453
1,-4.524824313
1,-4.600414554
1,-4.264744774
1,-4.163019357
1,-4.119047419
2,-6.30735417
2,-6.76025241
2,-6.875615544
2,-6.182351397
2,-6.099448299
2,-6.445939234
2,-6.843490393
2,-6.53428292
2,-6.487611134
2,-6.864805301
2,-6.4062564
2,-6.113590965